lat,lon,limit,deck,direct
24.458809,118.43147,60,,南北雙向
24.411718,118.29999,50,,東西雙向
24.414368,118.30402,50,,東西雙向
24.419437,118.31088,50,,東西雙向
24.422647,118.31264,50,,東西雙向
24.417084,118.31844,50,,南北雙向
24.441479,118.32049,60,,南北雙向
24.439543,118.32067,50,,南北雙向
24.413134,118.32414,60,,東西雙向
24.435467,118.327385,50,,東西雙向
24.458384,118.36486,40,,南北雙向
24.486645,118.40696,60,,東西雙向
24.47699,118.419556,60,,東西雙向
24.446032,118.36559,70,,東西雙向
24.44133,118.370316,60,,東西雙向
24.449205,118.38353,50,,南北雙向
24.440441,118.39173,50,,東西雙向
24.440292,118.39213,50,,東西雙向
24.437878,118.4034,50,,東西雙向
24.44457,118.40811,50,,東西雙向
24.446644,118.41738,50,,南北雙向
24.419786,118.43421,50,,南北雙向
24.452068,118.303474,60,,大金往烈嶼(區間測速)
24.449041,118.309654,50,,南北雙向
24.448359,118.33072,50,,東西雙向
24.416346,118.3318,60,,東西雙向
24.440142,118.33645,60,,東西雙向
24.430235,118.337685,60,,東西雙向
24.44981,118.33837,60,,東西雙向
24.441227,118.340614,70,,東西雙向
24.4258,118.34236,60,,東西雙向
24.432312,118.34556,60,,東西雙向
24.436016,118.35565,60,,東西雙向
24.453362,118.35793,60,,東西雙向
24.44569,118.35987,70,,東西雙向
24.420683,118.23465,60,,東西雙向
24.44675,118.26236,60,,烈嶼往大金(區間測速)
24.778543,121.75933,60,,南北雙向
24.738028,121.76105,60,,南北雙向
24.71843,121.76466,50,,東西雙向
24.767035,121.770744,70,,南北雙向
24.756819,121.771355,70,,南北雙向
24.74875,121.77163,70,,南北雙向
24.749315,121.77766,60,,東西雙向
24.68059,121.76142,40,,東西雙向
24.672573,121.78949,60,,東西雙向
24.615463,121.821266,60,,南北雙向
24.490236,121.83023,40,tunnel,北上方向
24.60313,121.83417,60,,南北雙向
24.551931,121.84039,70,tunnel,南下方向
24.59536,121.84053,50,,南北雙向
24.611954,121.85278,70,,南北雙向
24.598513,121.856255,60,,南北雙向
24.590792,121.8595,60,,南北雙向
24.84562,121.79265,60,,南北雙向
24.849024,121.79389,40,,南北雙向
24.849024,121.79389,40,,南北雙向(區間測速)
24.84921,121.79603,50,,南北雙向
24.828068,121.80138,60,,南北雙向
24.824112,121.82069,60,,南北雙向
24.871765,121.83554,60,,南北雙向
24.891298,121.85049,50,,南北雙向
24.900974,121.86346,50,,南北雙向
24.906073,121.87091,60,,南北雙向
24.939224,121.89127,50,,南北雙向
24.970085,121.92609,50,,南北雙向
24.79072,121.78079,60,,南北雙向
24.8297,121.78401,50,,南北雙向
24.789581,121.784225,60,,南北雙向
24.818115,121.810684,50,,東西雙向
24.720304,121.783035,50,,東西雙向
24.761602,121.79351,60,,南北雙向
24.719269,121.80265,50,,東西雙向
24.727465,121.808556,60,,東西雙向
24.758747,121.81548,60,,南北雙向
24.746742,121.816315,60,,南北雙向
24.79972,121.81658,60,,南北雙向
24.73036,121.81915,60,,南北雙向
24.717842,121.700935,60,,東西雙向
24.707457,121.709625,60,,東西雙向
24.732752,121.71639,60,,東西雙向
24.720016,121.717964,60,,南北雙向
24.71743,121.71865,60,,南北雙向
24.714243,121.738594,50,,東西雙向
24.719,121.748116,50,,東西雙向
24.645603,121.78557,60,,南北雙向
24.710798,121.76619,60,,東西雙向
24.703253,121.78074,50,,東西雙向
24.688986,121.791145,60,,南北雙向
24.683813,121.79258,60,,南北雙向
24.673485,121.80519,60,,東西雙向
24.709387,121.81058,60,,東西雙向
24.664686,121.82835,60,,南北雙向
24.677273,121.67725,60,,東西雙向
24.667261,121.697624,60,,東西雙向
24.670204,121.71217,60,,東西雙向
24.687069,121.71839,60,,東西雙向
24.69807,121.72788,60,,南北雙向
24.696066,121.72893,60,,南北雙向
24.700827,121.74223,50,,東西雙向
24.347893,121.7668,70,tunnel,北上方向
24.355694,121.771545,70,tunnel,南下方向
24.433311,121.77481,70,tunnel,南北雙向(區間測速)
24.365217,121.77798,70,tunnel,南北雙向(區間測速)
24.426088,121.780174,70,tunnel,北上方向
24.42525,121.78068,70,tunnel,南下方向
24.377888,121.78324,70,tunnel,南下方向
24.378277,121.7837,70,tunnel,北上方向
24.401218,121.78592,70,tunnel,南下方向
24.401888,121.78618,70,tunnel,北上方向
24.46758,121.80645,50,,南北雙向
24.536793,121.836655,70,tunnel,南北雙向(區間測速)
24.547905,121.83988,70,tunnel,北上方向
24.86839,120.95324,70,,北往南
24.83195,120.98258,50,,南往北
24.85875,120.99416,60,,南北雙向
24.82592,120.9974,50,,南北雙向
24.85527,121.00192,60,,北往南
24.83119,121.00229,50,,南北雙向
24.85749,121.00296,50,,南往北
24.81264,121.01766,50,,東西雙向
24.81359,121.02348,50,,南北雙向
24.82608,121.0333,50,,南北雙向
24.81272,121.03502,50,,西往東
24.7996,121.05292,60,,東西雙向
24.7978,121.05449,60,,東西雙向
24.78785,121.03028,50,,東往西
24.79509,121.0357,90,,東往西
24.7936,121.03848,90,,西往東
24.75611,121.07032,50,,東西雙向
24.7525,121.0755,50,,北往南
24.72385,121.07848,50,,南往北
24.74986,121.08011,50,ramp,北往南
24.72303,121.10155,50,,東西雙向
24.83044,121.0363,40,,南北雙向
24.826906,121.05023,50,,東西雙向
24.82536,121.05772,50,,東往西
24.83135,121.08766,50,,東往西
24.822088,121.09389,60,,西往東
24.81598,121.11576,60,,東往西
24.80531,121.14964,50,,東往西
24.76347,121.17272,50,,南往北
24.77501,121.17615,50,,南北雙向
24.78851,121.18603,60,,南北雙向
24.81258,121.19964,60,,南北雙向
24.87972,121.0071,60,,南北雙向
24.889975,121.02174,60,,南北雙向
24.88507,121.02363,60,,南北雙向
24.88042,121.03597,60,,南北雙向
24.88783,121.03979,50,,南北雙向
24.89645,121.04233,50,,南北雙向
24.88637,121.08199,60,,南北雙向
24.87992,120.95467,60,tunnel,南北雙向(區間測速)
24.8989,120.96891,90,,南北雙向
24.91873,120.98484,60,,南北雙向
24.9264,120.99114,60,,南北雙向
24.93193,120.9964,60,,南北雙向
24.78052,121.06951,60,,東西雙向
24.77466,121.07385,60,,南北雙向
24.7843,121.07964,50,,北往南
24.76567,121.08224,60,ramp,東往西
24.74125,121.10885,60,,南北雙向
24.72037,121.11664,60,,東西雙向
24.72474,121.12524,60,,南北雙向
24.7405,121.16245,50,,北往南
24.74368,120.95915,50,,北往南
24.76755,120.99763,50,,北往南
24.74614,121.00037,40,,南往北
24.75126,121.01968,40,,北往南
24.72859,121.03269,40,,南往北
24.69473,120.9788,60,,西往東
24.69997,120.99114,60,,南往北
24.70087,120.99424,60,,北往南
24.69168,121.03163,60,,北往南
24.70351,121.04712,60,,南北雙向(區間測速)
24.522364,120.792854,60,,南向北
24.578798,120.80374,60,,東向西
24.557383,120.81373,50,,南北雙向
24.590336,120.81526,50,,東向西
24.544853,120.83142,90,,東西雙向
24.551407,120.83144,70,,東西雙向
24.4435,120.64825,60,,北向南
24.37995,120.68583,60,,西向東
24.376858,120.689186,60,,東向西
24.494154,120.67632,90,,南向北(區間測速) 北向南(區間測速)
24.496456,120.69913,60,,東向西
24.670029,120.86368,60,,東西雙向
24.676628,120.86768,50,,北向南
24.717684,120.86775,80,,南北雙向
24.692722,120.87718,60,,東向西
24.69521,120.885445,60,,北向南
24.720804,120.90529,60,,東西雙向
24.712439,120.92275,60,,南北雙向
24.65347,120.88288,60,,南向北
24.69416,120.88549,60,,南向北
24.674002,120.89102,60,,南向北
24.692188,120.90152,50,,東西雙向
24.687279,120.906876,60,,北向南
24.690542,120.91287,60,,南向北
24.690813,120.9131,60,,北向南
24.674433,120.91392,60,,北向南
24.686438,120.92912,50,,東向西
24.685402,120.93603,50,,東向西
24.67302,120.94552,60,,東西雙向
24.680124,120.94835,50,,西向東
24.681976,120.95703,50,,東向西
24.610762,120.75758,50,,北向南
24.60738,120.7674,60,,西向東
24.637379,120.78327,80,,南向北
24.594868,120.78955,60,,西向東
24.606695,120.79818,90,,東西雙向
24.657776,120.81203,80,,南北雙向
24.607538,120.832245,60,,北向南
24.338886,120.82357,60,,南向北
24.3246,120.823845,60,,北向南
24.348303,120.8283,60,,北向南
24.37388,120.842674,50,,南向北
24.409588,120.86529,60,,南向北
24.445524,120.87404,60,,北向南
24.46855,120.81822,80,,東西雙向
24.529028,120.81877,60,,北向南
24.512255,120.835365,60,,北向南
24.494358,120.78141,60,,南北雙向
24.639002,120.980835,60,,東向西
24.576845,120.85494,50,,北向南
24.579777,120.86359,60,,南向北
24.345043,120.744514,60,,東西雙向(區間測速)
24.378527,120.74986,60,,北向南
24.324047,120.77345,60,,東西雙向
24.632866,120.85721,60,,南北雙向(區間測速)
24.619045,120.949905,60,,南向北
24.621752,120.95179,60,,南向北
24.614372,120.95191,60,,南向北
24.61412,120.952415,60,,南北雙向(區間測速)
24.61411,120.95443,60,,北向南
24.677471,120.95567,60,,東西雙向
24.665936,120.96546,60,,南向北
24.461445,120.88591,60,,南北雙向
24.481611,120.8961,60,,南向北
24.52958,120.916466,60,,北向南
24.5422,120.921745,60,,北向南
24.068613,120.51788,60,,北向
24.092823,120.538185,70,,南向
24.093788,120.54993,50,,北向
24.09833,120.5571,70,,南北雙向
24.088907,120.56561,50,,南向
24.093752,120.57575,70,,南向
24.098677,120.57624,70,,北向
24.092712,120.58576,70,,北向
24.040432,120.59212,40,,南北雙向
24.063442,120.59272,70,,南向
24.0745,120.59287,70,,南北雙向
24.075989,120.41893,70,,西向
24.081823,120.42038,90,,北向(區間測速)
24.092236,120.44827,70,,南北雙向
24.074348,120.46232,60,,東西雙向
24.055868,120.468925,50,,東向
24.129986,120.4901,60,,南向
24.108746,120.49447,60,,東西雙向
24.149263,120.509766,60,,東西雙向
24.136038,120.50987,60,,東向
24.086985,120.51911,60,,南北雙向
24.09933,120.52414,60,,西向
24.114113,120.52612,60,,南北雙向
24.13864,120.44376,90,,南向
24.134869,120.46483,70,,北向
24.178015,120.499855,60,,南北雙向
24.167889,120.5143,50,,南北雙向
24.0196,120.40004,70,,北向
24.047768,120.42017,70,,南北雙向
24.04683,120.46519,60,,東西雙向
24.019592,120.47051,60,,東西雙向
24.01645,120.48859,60,,南北雙向
24.049767,120.494255,60,,東西雙向
24.077213,120.497154,50,,東西雙向
24.051252,120.533264,70,,南北雙向
24.019365,120.54701,70,,南北雙向
24.013025,120.55131,70,,南北雙向
24.0214,120.55818,70,,南北雙向
24.031086,120.57284,70,,南北雙向
24.03417,120.593895,40,,南北雙向
23.983116,120.61787,50,,南向
24.043566,120.622215,70,,南北雙向
23.970097,120.55259,60,,東西雙向
23.9462,120.56328,60,,南向
23.971638,120.565056,50,,南向
23.956444,120.5667,60,,南北雙向
23.959564,120.566765,60,,南北雙向
23.972256,120.57107,50,,東向
23.962563,120.57383,50,,北向
23.948732,120.575584,50,,東西雙向
23.926346,120.57982,70,,東西雙向
23.956186,120.48668,60,,東西雙向
23.863333,120.574715,60,,西向
23.857761,120.59574,60,,南向
23.843128,120.59652,50,,南北雙向
23.853165,120.59756,60,,南北雙向
23.995346,120.55999,70,,南北雙向
23.978357,120.57151,60,,北向
23.990818,120.58485,40,,南北雙向
24.015472,120.45266,50,,東西雙向
24.000069,120.47836,60,,南北雙向
23.950142,120.51747,60,,東西雙向
23.962378,120.536415,60,,南向
23.966743,120.54141,50,,西向
23.95197,120.550514,60,,東西雙向
23.95708,120.56222,50,,南北雙向
23.910095,120.54227,70,,南向
23.911493,120.5705,70,,南向
23.935686,120.576904,50,,南北雙向
23.893694,120.58381,60,,南北雙向
23.918741,120.58451,60,,南向
23.79639,120.63256,60,,南北雙向
23.80027,120.654915,50,,東向
23.877333,120.51073,60,,東西雙向
23.87649,120.519936,50,,南北雙向
23.869879,120.554985,60,,西向
23.889494,120.359566,50,,南北雙向
23.918367,120.411224,60,,東西雙向
23.93027,120.4359,60,,雙向
23.891409,120.52863,50,,南向
23.89537,120.533394,70,,北向
23.896322,120.53388,70,,南向
23.850615,120.44746,60,,東西雙向
23.89789,120.47002,70,,南北雙向
23.884268,120.4732,70,,南北雙向
23.888147,120.487366,60,,東向
23.910868,120.340614,60,,東西雙向
23.96108,120.38227,60,,西向
23.85626,120.30887,50,,東向
23.847757,120.40027,70,,南向
23.866404,120.43808,70,,南北雙向
23.826359,120.46372,50,,南北雙向
23.8568,120.49853,70,,南北雙向
23.858393,120.50349,70,,北向
23.8635,120.50838,70,,南北雙向
23.91971,120.637566,50,,南北雙向
23.930708,120.66728,60,,南北雙向
23.928667,120.67903,60,,南北雙向
23.90651,120.67985,60,,南北雙向
23.93615,120.686226,60,,南北雙向
23.888296,120.68987,60,,南北雙向
23.907316,120.690674,50,,南北雙向
23.970133,120.95306,50,,東西雙向
23.9741,120.97911,50,,東西雙向
23.963615,120.65508,70,,南北雙向
23.986898,120.67889,60,,東西雙向
23.974607,120.68033,60,,南北雙向
23.974297,120.68397,50,,東西雙向
23.98525,120.68671,60,,東西雙向
24.004614,120.69453,60,,南北雙向
23.996405,120.722466,50,,南北雙向
23.759756,120.682755,60,,東西雙向
23.789066,120.70938,60,,南北雙向
23.814339,120.75099,50,,東西雙向
23.822039,120.78453,70,,東西雙向
23.842667,120.69959,60,,南北雙向
23.832108,120.71021,60,,東西雙向
23.732643,120.76845,50,,南北雙向
23.894646,120.71774,50,,東西雙向
23.94172,120.92913,60,,南北雙向(區間測速)
24.01532,120.84806,70,,南北雙向
23.807232,120.85223,50,,北往南
23.662935,120.87654,50,,南向北
24.0022,121.083916,50,,東西雙向
23.691448,120.50823,70,,西向東
23.750086,120.50892,60,,南北雙向
23.715603,120.53039,50,,北向南
23.69978,120.532234,50,,東向西
23.695944,120.53308,60,,西向東
23.696798,120.53748,60,,西向東
23.697744,120.542336,60,,西向東
23.718184,120.542625,60,,東西雙向
23.699762,120.54649,60,,南向北
23.717327,120.55062,60,,東向西
23.680202,120.55256,60,,南北雙向
23.702805,120.55346,70,,南向北
23.712954,120.55724,50,,南北雙向
23.73015,120.56408,50,,西向東
23.717222,120.568954,60,,南向北
23.722673,120.5833,50,,南北雙向
23.674978,120.450134,100,,東向西
23.673025,120.45189,100,,西向東
23.67784,120.46926,50,,北往南
23.667603,120.47478,50,,北向南
23.676558,120.47628,50,,南向北
23.68877,120.47726,50,,南往北
23.69333,120.479965,60,,南向北
23.68612,120.48054,60,,北向南
23.679546,120.480835,60,,南向北
23.68034,120.48086,60,,北向南
23.68357,120.49234,60,,西向東
23.683113,120.49306,50,,南向北
23.683903,120.49349,60,,東向西
23.708435,120.385086,70,,東向西
23.736464,120.396,60,,北往南
23.717049,120.42356,60,,西向東
23.719143,120.43605,60,,西向東
23.717178,120.44133,60,,東向西
23.709593,120.44583,60,,西向東
23.735708,120.458275,60,,東向西
23.727798,120.488884,70,,南往北
23.747486,120.425934,50,,南北雙向
23.785646,120.43022,60,,東西雙向
23.778845,120.44506,60,,南向北
23.806501,120.45571,50,,東西雙向
23.795057,120.46766,50,,東西雙向
23.790707,120.47045,50,,北往南
23.789797,120.47077,50,,南往北
23.706821,120.351364,40,,東西雙向
23.701073,120.35221,70,,西向東
23.661173,120.36396,60,,南北雙向
23.670492,120.38855,60,,南北雙向
23.679155,120.395,50,,南向北
23.583763,120.2994,50,,北向南
23.592915,120.30209,50,,南北雙向
23.589163,120.307785,60,,南往北
23.596136,120.32356,60,,南北雙向
23.623583,120.54913,50,,南北雙向
23.596443,120.59753,40,,東西雙向
23.658314,120.45549,60,,南北雙向
23.63372,120.46827,70,,南向北
23.643394,120.47026,70,,北向南
23.742592,120.494446,60,,南北雙向
23.757978,120.49661,60,,北向南
23.757647,120.496765,60,,南向北
23.766708,120.506424,60,,北向南
23.770504,120.644,60,,南向北
23.800879,120.38286,60,,南北雙向
23.755796,120.40996,50,,南北雙向
23.767534,120.33265,60,,東西雙向
23.792048,120.2346,60,,西向東
23.79157,120.23678,70,,西向東
23.76108,120.24613,60,,南往北
23.737625,120.25452,90,,北向南
23.789198,120.27038,70,,西向東
23.788769,120.271,60,,南向北
23.796333,120.278656,60,,北向南
23.655493,120.24059,60,,東向西
23.698496,120.25464,60,,南向北
23.738638,120.25528,60,,北向南
23.721605,120.25655,60,,北向南
23.720882,120.25662,60,,南向北
23.665485,120.25901,50,,北向南
23.684896,120.30063,100,,西向東
23.685007,120.3066,100,,東向西
23.708206,120.324425,70,,南北雙向
23.703785,120.20016,50,,北向南
23.669996,120.20882,60,,南北雙向
23.727283,120.220314,90,,北向
23.655033,120.288956,60,,東西雙向
23.611443,120.30748,60,,南北雙向
23.618847,120.309364,50,,南北雙向
23.684612,120.320786,70,,南北雙向
23.628597,120.33531,50,,南北雙向
23.658632,120.337105,60,,東西雙向
23.637644,120.21172,50,,東西雙向
23.630302,120.22754,60,,北向南
23.647627,120.26395,60,,東西雙向
23.585243,120.15164,90,,南向
23.623926,120.16689,70,,南北雙向
23.59391,120.25645,50,,東西雙向
23.496428,120.38343,50,,雙向
23.455318,120.24383,50,,雙向
23.461458,120.28565,50,,雙向
23.606342,120.45609,50,,雙向
23.604876,120.4908,60,,雙向
23.549925,120.42705,60,,雙向
23.549187,120.43407,50,,雙向
23.578737,120.43957,70,,雙向
23.520376,120.440254,50,,雙向
23.561493,120.46521,50,,雙向
23.522432,120.47472,50,,雙向
23.523249,120.35586,60,,南向北
23.48825,120.28789,50,,雙向
23.539839,120.292694,50,,南向北
23.441223,120.16569,90,,往北
23.503832,120.17244,90,,往南
23.45666,120.19099,70,,雙向
23.462511,120.21225,50,,雙向
23.398693,120.30153,50,,雙向
23.40855,120.38359,70,,雙向
23.433348,120.39813,50,,雙向
23.459585,120.47146,50,,雙向
23.451096,120.56849,60,,雙向
23.382618,120.57901,40,,雙向
23.55886,120.55435,60,,北向南
23.357521,120.59161,40,,雙向
22.674007,120.44821,60,,雙向
22.652126,120.45504,70,,雙向
22.67714,120.47336,40,,雙向
22.705185,120.479195,60,,雙向
22.640203,120.48557,50,,雙向
22.695175,120.4935,60,,雙向
22.654818,120.497734,60,,雙向
22.705809,120.499374,70,,雙向
22.702332,120.51959,60,,雙向
22.563972,120.52917,50,,雙向
22.526873,120.54353,60,,雙向
22.53974,120.593346,60,,雙向
22.471855,120.46381,50,,雙向
22.495436,120.4854,60,,雙向
22.454191,120.490395,70,,雙向
21.95873,120.76707,60,,雙向
22.63913,120.4539,70,,北向
22.607008,120.455376,60,,北向
22.584911,120.46638,50,,東向
22.574972,120.48161,50,,雙向
22.61914,120.48206,60,,南向60北向70
22.568169,120.483116,50,,西向
22.578241,120.484116,50,,北向
22.597172,120.488625,50,,雙向
22.589718,120.49234,50,,雙向
22.591784,120.49876,60,,雙向
22.720186,120.53471,50,,雙向
22.693243,120.54267,60,,雙向
22.71414,120.55233,50,,雙向
22.712639,120.585976,60,,雙向
22.736715,120.489494,50,,雙向
22.76752,120.47836,50,,東向
22.816883,120.506744,50,,雙向
22.780933,120.5376,50,,西向
22.726006,120.53958,60,,雙向
22.74935,120.55449,60,,雙向
22.761547,120.58167,50,,南向
22.718996,120.59917,60,,雙向
22.774559,120.59788,50,,雙向
22.792568,120.61227,50,,雙向
22.827557,120.62407,50,,雙向
22.871248,120.64389,50,,雙向
22.566614,120.59149,50,,雙向
22.598347,120.62042,60,,雙向
22.576473,120.622444,60,,雙向
22.36148,120.36428,50,,雙向
22.626007,120.552185,70,,雙向
22.584297,120.55959,50,,雙向
22.599407,120.5597,50,,雙向
22.675102,120.57467,50,,南向
22.636942,120.58574,50,,南向50北向60
22.636143,120.59659,40,,雙向
22.691055,120.60961,50,,雙向
22.653744,120.62993,50,,雙向
22.579426,120.510124,70,,雙向
22.565975,120.51324,50,,雙向
22.570349,120.52277,90,,雙向
22.600435,120.52638,60,,雙向
22.569527,120.54064,60,,雙向
22.582087,120.54868,70,,雙向
22.476171,120.545456,70,,雙向
22.470507,120.55165,50,,雙向
22.504642,120.5725,50,,雙向
22.46825,120.60919,60,,雙向
22.395622,120.58827,70,,雙向
22.420538,120.60589,60,,雙向
22.399603,120.616264,50,,雙向
22.497778,120.440414,70,,雙向
22.48791,120.44127,50,,雙向
22.513481,120.44367,50,,雙向
22.487177,120.45548,70,,雙向
22.480755,120.45667,50,,雙向
22.5101,120.462135,60,,雙向
22.524467,120.46287,60,,南向70北向60
22.551638,120.46607,60,,南向60北向70
22.540958,120.51865,50,,南向
22.540672,120.518906,50,,北向
22.519917,120.5195,60,,雙向
22.444584,120.50651,50,,雙向
22.290691,120.2927,40,,雙向
22.485254,120.49082,60,,雙向
22.48964,120.52966,50,,雙向
22.4201,120.54043,70,,雙向
22.445898,120.55943,70,,雙向
22.442274,120.56305,70,,南北雙向（區間測速）
22.140097,120.70218,70,,南北雙向（區間測速）
22.086386,120.7095,50,,雙向
22.008692,120.80329,60,,雙向
22.252754,120.656,70,,雙向
22.207375,120.69537,60,,雙向
22.741022,120.680534,30,,雙向
22.702955,120.60866,40,,雙向
22.204168,120.74505,40,,雙向
22.222355,120.795944,40,,雙向
22.234276,120.801994,40,,雙向
22.241491,120.805786,70,tunnel,東西雙向（區間測速）
22.7717,121.07627,60,,南北雙向
22.72067,121.08527,60,,雙向兼闖紅燈
22.77357,121.10084,60,,南北雙向
22.728771,121.12073,70,,南北雙向
22.76834,121.13055,50,,雙向測速
22.980171,121.30966,60,,雙向區間測速
23.007769,121.323524,60,,雙向區間測速
23.027685,121.33215,50,,南北雙向
23.153273,121.39851,50,,南北雙向
23.061531,121.16925,60,,南北雙向
22.893963,121.09514,60,,南北雙向
23.329168,121.46233,50,,南北雙向
22.522211,120.965706,60,,南北雙向兼南下闖紅燈
22.640696,121.0167,60,,南北雙向
22.363562,120.90737,50,,南北雙向兼闖紅燈
22.254738,120.84108,40,,雙向測速科技執法
22.277948,120.86456,40,,雙向測速科技執法
23.995966,121.59436,50,,南下
23.989222,121.61,50,,南下車道
23.982086,121.61717,50,,北上
23.74475,121.452415,70,,北上車道
23.3355,121.32008,60,,南下車道
23.401014,121.33674,60,,南下車道
23.26736,121.369484,50,,東往西向
23.445353,121.38723,50,,北上車道
24.072582,121.608475,70,,北上車道
23.942873,121.54195,50,,西往東
23.954082,121.55067,50,,南下車道
23.964924,121.56716,60,,南下車道
23.95881,121.569275,60,,南北雙向
23.940998,121.58009,60,,西往東
23.987082,121.5879,50,,北上車道
23.953268,121.60049,50,,南下車道
23.845201,121.49324,50,,北上
23.861803,121.50531,70,,南下車道
23.829111,121.50567,70,,北上車道
23.907051,121.53001,50,,北上車道
23.778915,121.56065,50,,雙向區間測速
23.898764,121.56071,70,,南下車道
23.780403,121.56104,50,,南下
23.678417,121.4195,60,,南下車道
23.652084,121.53695,60,,北上車道
23.498083,121.368385,70,,南下車道
23.537682,121.377365,70,,南下
23.561146,121.381966,70,,南下車道
23.49179,121.3959,50,,東往西
23.491833,121.396095,50,,西往東
23.173555,121.24275,60,,北上車道
24.152937,121.648926,50,,北上車道
24.162516,121.652214,50,,南下車道
24.227335,121.69864,60,tunnel,雙向區間測速
24.245474,121.72361,40,,雙向區間測速
24.266958,121.7247,70,tunnel,雙向區間測速
24.30211,121.750694,50,,北上車道
23.519897,119.577995,50,,東向西
23.569939,119.58235,50,,東向西
23.55377,119.5844,50,,西向東
23.564676,119.58779,50,,東南向西北
23.56911,119.58859,50,,東向西
23.559347,119.59845,50,,東南向西北
23.569069,119.59909,50,,東向西
23.55733,119.60282,50,,西北向東南
23.536715,119.60348,70,,南向北
23.57814,119.603806,50,,北向南
23.55247,119.61055,50,,北向南
23.571623,119.61402,70,,東向西
23.55051,119.6143,50,,東南向西北
23.54887,119.62023,50,,西南向東北
23.58456,119.60815,50,,南向北
23.56028,119.63424,50,,西南向東北
23.582226,119.636734,50,,北向南
23.563566,119.64445,50,,西向東
23.584118,119.65682,50,,西向東
23.58502,119.66826,40,,西南向東北
23.575893,119.67729,50,,南向北
23.658247,119.555,50,,西南向東北
23.65979,119.56263,50,,西北向東南
23.66557,119.57666,70,,東北向西南
23.65534,119.58647,50,,南向北
23.63387,119.59724,50,,南往北
23.64951,119.59951,50,,北向南
23.630825,119.60072,50,,東南向西北
23.66645,119.60277,40,,南向北
23.61199,119.60889,50,,北向南
23.59831,119.5091,50,,北向南
23.61152,119.51485,70,,南向北
23.63683,119.52853,70,,西向東
25.128988,121.697014,70,tunnel,東往西
25.09623,121.714615,50,,南往北
25.134758,121.74583,50,,南向北
25.129442,121.74661,50,,東向西
25.137762,121.74951,50,,北向南
25.139477,121.75327,40,,南向北
25.13217,121.77228,50,tunnel,南向北
25.151018,121.777985,50,,南北雙向
25.124674,121.77938,50,tunnel,南往北
25.132046,121.79835,50,,南北雙向
25.129658,121.79962,50,,南北雙向
25.114391,121.68534,50,,北向南
25.075933,121.68742,50,,南向北
25.112968,121.69048,40,,西向東
25.076023,121.6918,50,,南向北
25.115122,121.6935,80,,東向西
25.116095,121.69441,80,,西向東
25.087847,121.69552,50,,北向南
25.101782,121.69604,50,,東西雙向
25.08034,121.69804,50,,南向北
25.0925,121.69944,50,,北向南
25.089521,121.70143,50,,東西雙向
25.081993,121.703125,50,,北向南
25.081923,121.70324,50,,南向北
25.090446,121.707184,50,,南向北
25.095709,121.71404,50,,南北雙向
25.103748,121.72598,50,,北向南
25.103262,121.726135,50,,南向北
25.108835,121.730316,50,,北往南
25.11111,121.735,50,,南向北
25.10187,121.75308,80,,東向西
25.102283,121.754326,80,,西向東
25.104801,121.73433,50,,西向東
25.104843,121.73496,50,,南北雙向
25.1053,121.737564,50,,東向西
25.102694,121.73952,50,,西向東
25.083538,121.74865,40,,南向北
25.10219,121.7531,80,,東向西
25.098783,121.75474,50,,東向西
25.076906,121.75572,40,,南向北
25.074478,121.75822,40,tunnel,南北雙向
25.06859,121.762505,50,tunnel,南北相向
25.124693,121.73689,50,,南向北
25.112759,121.73988,50,,南向北
25.123173,121.74288,50,,北向南
25.119383,121.74344,50,,南向北
25.153727,121.7342,50,,東西雙向
25.13015,121.737,50,under,北向南
25.147667,121.738014,50,,西向東
25.141909,121.73884,50,,北向南
25.133802,121.73922,50,elevated,南向北
25.141153,121.73923,50,,南向北
25.13845,121.74045,50,,北向南
25.136154,121.740974,50,,北向南
25.138008,121.740974,50,,南向北
25.161203,121.69114,50,,西向東
25.157051,121.695404,50,,西向東
25.156769,121.695755,50,,東向西
25.149271,121.699745,50,,西向東
25.148745,121.70003,50,,東向西
25.162273,121.70153,50,,西向東
25.141867,121.703316,40,,東向西
25.14201,121.70965,50,,西向東
25.141825,121.70991,50,,東向西
25.13953,121.71468,50,ramp,東向西
25.12792,121.71967,50,,東向西
25.133339,121.72058,50,,西向東
25.12111,121.72194,50,,東向西
25.122475,121.72526,50,,南向北
25.116156,121.72644,50,,東向西
25.13433,121.72914,50,,西向東
25.12841,121.733025,50,,南向北
25.13194,121.7445,50,,北向南
25.12801,121.75611,50,,西向東
25.128124,121.76871,50,,東向西
25.12806,121.77834,40,ramp,南向北
25.12413,121.77956,60,tunnel,北往南
25.124207,121.77978,60,tunnel,南往北
25.13,121.78361,50,,西向東
25.12422,121.79071,50,,東西雙向
24.762646,120.96173,40,,南向北
24.80587,120.973694,50,elevated,西向東
24.803886,120.97689,50,elevated,東向西
24.814762,120.98113,50,,北向南
24.788258,120.98239,50,,東向西
24.810917,120.982635,50,,東向西
24.809292,120.98313,50,,南往北
24.778402,120.98497,40,,雙向
24.814775,120.98553,50,,東向西
24.822033,120.98689,40,,西向東
24.812634,120.98927,50,,西向東
24.800165,120.98983,50,,東向西
24.817444,120.99061,50,,北向南
24.782099,120.99193,50,,往南
24.818113,120.99483,50,,雙向
24.775665,120.99644,50,,往南
24.795918,120.99802,50,,東向西
24.774435,120.99819,50,,西向東
24.781939,121.00155,50,,往東
24.780663,121.006386,50,,往北
24.784254,121.006836,50,,往東
24.784254,121.006836,50,,往西
24.78629,121.00824,50,,往東
24.771814,121.00926,50,,往北
24.77858,121.01094,40,,往南
24.781918,121.01379,40,,南往北
24.775927,121.014,50,,往東
24.784632,121.01837,30,,北往南
24.770788,121.02655,50,,往北
24.818996,120.9245,60,,北向南
24.832527,120.927216,60,,南往北
24.827642,120.92734,60,,北向南
24.845257,120.9341,50,ramp,東向西
24.842299,120.93412,60,,南向北
24.842539,120.9342,60,,北向南
24.844084,120.94274,50,,北向南
24.838078,120.94409,50,,東往西(雙向)
24.833956,120.94431,50,,西向東
24.832504,120.95176,50,,西向東
24.829601,120.95478,50,,東向西
24.805037,120.95555,50,,北向南
24.807743,120.958046,50,,南向北
24.830074,120.95854,50,,東向西
24.817877,120.96524,50,,北向南
24.817825,120.96534,40,ramp,北向南
24.812773,120.96576,50,,南向北
24.820688,120.968094,50,ramp,北向南
24.825012,120.97564,40,,西向東
24.823582,120.97796,30,,北向南
24.736444,120.88559,80,,南北
24.742622,120.90828,60,,南向北
24.76286,120.913246,60,,北向南
24.731752,120.915436,60,,北向南
24.767654,120.91577,60,,南向北
24.720003,120.916664,60,,南往北
24.78108,120.919235,60,,南向北
24.793509,120.919395,80,,南向北
24.784409,120.92019,60,,北向南
24.81397,120.92257,60,,南向北
24.811949,120.92646,50,,南北
24.78748,120.92676,60,,北向南
24.725458,120.92787,50,,南向北
24.788622,120.92972,60,,南向北
24.726501,120.93,50,,雙向
24.793715,120.93678,50,,北向南
24.751755,120.93832,50,,北往南
24.79362,120.945526,60,,南向北
24.7953,120.948944,60,,南向北
24.786226,120.94983,70,,南向北
24.77316,120.95296,70,,北向南
24.75506,120.953094,50,,北往南
23.508509,120.446365,50,,南北雙向
23.498264,120.4515,50,,南向北(超速闖紅燈)
23.504309,120.476776,50,,東向西
23.491566,120.39789,60,,西向東
23.486872,120.40342,70,,東西雙向
23.479553,120.42458,50,,西向東(超速闖紅燈)
23.464802,120.425064,50,,南北雙向
23.477198,120.4309,50,,東向西(超速闖紅燈)
23.480522,120.438644,50,,南北雙向(超速闖紅燈)
23.444014,120.43907,50,,南北雙向(超速闖紅燈)
23.478798,120.44178,50,,南北雙向(超速闖紅燈)
23.479103,120.442024,50,,南北雙向(超速闖紅燈)
23.462564,120.447655,50,,東西雙向(超速、闖紅燈)
25.090601,121.549255,50,tunnel,南北雙向
25.011496,121.5559,50,tunnel,南北雙向
25.066849,121.54438,40,,北向南
25.05797,121.552055,50,,西向東
25.051691,121.55304,50,,東西雙向
25.06205,121.55749,50,,東西雙向
25.054245,121.5656,50,,東西雙向
25.06195,121.568436,50,,北向南
25.02906,121.55731,50,,南向北
25.04131,121.55998,50,,東西雙向
25.047626,121.56397,50,,西向東
25.047688,121.5685,50,,南向北
25.045626,121.57245,50,,東向西
25.026731,121.52674,50,,西向東
25.030283,121.53368,50,,北向南
25.020033,121.53406,50,,南向北
25.026205,121.53762,70,elevated,北向南
25.027754,121.53792,50,,南向北
25.044518,121.53994,40,,西向東
25.01664,121.54384,50,,南向北
25.018555,121.545944,60,under,南向北
25.017244,121.54883,50,,東向西
25.04448,121.552155,80,under,東西雙向
25.048206,121.51977,80,elevated,西向東
25.054731,121.52277,50,,北向南
25.054731,121.52277,50,,南向北
25.066557,121.5277,70,elevated,北向南
25.077879,121.53627,50,,東西雙向
25.052633,121.53678,70,elevated,北向南
25.077658,121.540924,50,,東西雙向
25.044632,121.54244,80,under,東西雙向
25.071774,121.54434,40,,南向北
25.076668,121.566376,50,,西向東
25.043074,121.50858,50,,南向北
25.029182,121.5118,50,,西向東
25.028524,121.515686,50,,南北雙向
25.04299,121.51869,50,,東向西
25.020859,121.52018,60,,南向北
25.038351,121.53017,50,,東向西
25.065893,121.508865,60,,南北雙向
25.06288,121.51083,40,,西向東
25.074507,121.519936,50,,南北雙向
25.03056,121.48961,50,,往台北市
25.02611,121.492744,50,,東西雙向
25.033098,121.49679,50,,東向西
25.019234,121.49712,50,,南北雙向
25.035313,121.49719,50,,西向東
25.041513,121.499054,40,,南向北
25.043743,121.5004,60,ramp,北向南
25.044512,121.50114,40,,北向南
25.040014,121.50749,50,,北向南
24.999609,121.53528,60,ramp,北向南
25.001501,121.539116,50,,北向南
24.989756,121.539665,50,,南向北
24.992584,121.54072,50,,北向南
24.991692,121.551476,50,tunnel,北向南
25.009752,121.55737,50,tunnel,北向南
25.008957,121.581245,70,tunnel,北向南
24.999096,121.59139,50,,西向東
25.04997,121.586235,50,,西向東
25.048782,121.586845,50,,東向西
25.050976,121.59186,50,,東向西
25.052607,121.61159,50,,西向東
25.05411,121.61222,50,,東向西
25.053974,121.613174,50,,西向東
25.057318,121.614105,50,,北向南
25.08173,121.56998,50,,西向東
25.053398,121.57854,50,,西向東
25.078457,121.58095,50,,西向東
25.060823,121.58296,50,,西向東
25.056156,121.585625,40,,東西雙向
25.059874,121.586334,80,,東向西
25.074657,121.58999,50,,南向北
25.066792,121.59969,50,,西向東
25.077787,121.60028,50,,南向北
25.083036,121.604034,50,,西向東
25.071281,121.60424,50,,東向西
25.082521,121.50743,50,,南向北
25.079073,121.50822,60,,北向南
25.089865,121.51818,50,,北向南
25.080551,121.52216,50,,北向南
25.08667,121.52306,50,,南向北
25.096157,121.52777,50,,北向南
25.104,121.54253,40,,往下山
25.10817,121.546036,40,,往下山
25.132162,121.54652,40,,往下山
25.119883,121.55297,40,,北向南
25.130178,121.46587,40,,往下山
25.122429,121.47776,60,,北向南
25.122408,121.480316,60,,南向北
25.13034,121.49684,60,,南向北
25.107931,121.49871,80,,北向南
25.106007,121.49899,80,,南向北
25.114443,121.50257,50,,南向北
25.104881,121.51186,60,,北向南
25.103973,121.51211,60,,南向北
25.134834,121.52868,40,,北向南
25.164951,121.543755,40,,往市區
22.659279,120.27578,50,,北向南
22.667778,120.28233,50,,南向北
22.667456,120.28902,40,elevated,北向南
22.65287,120.29224,60,,南向北
22.678333,120.28276,40,,南向北
22.669052,120.28896,40,elevated,南向北
22.702114,120.29237,50,,北向南
22.684856,120.30621,60,elevated,西向東
22.68351,120.30761,60,elevated,東向西
22.679394,120.31906,60,,北向南
22.723606,120.27692,60,,北向南
22.721043,120.31293,50,,東向西
22.732939,120.320145,60,,南向北
22.717821,120.325356,60,,南向北
22.647367,120.28429,50,,東西向
22.643929,120.28611,50,,東向西
22.64735,120.31487,40,,南向北
22.65996,120.320015,50,,西向東
22.676704,120.32359,50,,東向西
22.6596,120.32598,50,,東向西
22.641333,120.33226,50,,南向北
22.619112,120.30265,50,,南向北
22.616146,120.303604,50,,北向南
22.630129,120.32004,50,,東向西
22.629728,120.32502,50,,西向東
22.625673,120.33946,50,,西向東
22.583641,120.30965,60,elevated,南向北
22.56297,120.31369,50,tunnel,南向北
22.56438,120.31559,60,tunnel,南向北
22.595959,120.316284,60,,南向北
22.575134,120.32586,40,elevated,南向北
22.578098,120.326035,40,elevated,北向南
22.56024,120.30972,60,tunnel,北向南
22.56284,120.31384,50,tunnel,北向南
22.561941,120.33221,60,,南向北
22.55905,120.33443,60,,北向南
22.570253,120.33743,40,,北向南
22.58326,120.34073,50,,東向西
22.569653,120.34452,60,,東向西
22.568972,120.35012,50,,南向北
22.513891,120.35464,40,,北向南
22.573195,120.35929,40,,西向東
22.51092,120.362404,50,,北向南
22.57036,120.376785,50,,東向西
22.556417,120.381226,50,,東向西
22.554989,120.39456,50,,西向東
22.59266,120.33633,40,,北向南
22.595001,120.34401,50,,東向西
22.620205,120.346664,60,,北向南
22.593834,120.35902,60,,北向南
22.598097,120.360016,60,,北向南
22.510351,120.3628,50,,南向北
22.510414,120.36288,40,,南向北
22.531473,120.40353,60,,北向南
22.532354,120.41476,60,,北向南
22.589376,120.38432,60,,東向西
22.561409,120.40384,50,,東西向
22.58654,120.409294,90,,西向東
22.625937,120.411224,60,,北向南
22.641577,120.41329,70,,東西向
22.625746,120.42427,50,,南向北
22.558868,120.42732,50,,南向北
22.592665,120.43338,90,,東向西
22.569546,120.433495,50,,北向南
22.58241,120.434944,50,,南向北
22.727495,120.422745,40,,西向東
22.672127,120.42602,70,,南北雙向
22.775007,120.43045,50,,東西向
22.70776,120.439255,70,,南北向
22.742186,120.44719,70,,南北雙向
22.732006,120.360504,60,,東向西
22.730991,120.37311,40,,西向東
22.743828,120.38296,50,,南向北
22.73897,120.38318,40,,東向西
22.710386,120.33939,60,,北向南
22.67725,120.345924,50,,西向東
22.694105,120.35793,60,,北向南
22.675001,120.359085,60,,南北向
22.703672,120.36052,60,,東向西
22.715528,120.39001,60,,北向南
22.669724,120.34302,50,,南北雙向(區間測速)
22.654182,120.35681,50,,南北雙向
22.661678,120.357925,50,,南向北
22.659475,120.36719,60,,東西向
22.77218,120.2685,50,,南向北
22.78207,120.29023,50,,西向東
22.807652,120.30407,50,,東向西
22.785051,120.30418,60,,東向西
22.797258,120.312096,50,,北向南
22.832905,120.315475,50,,北向南
22.812801,120.3271,50,,北向南
22.757471,120.301926,40,,西向東
22.743444,120.3169,60,,北向南
22.755226,120.35628,50,,東向西
22.758595,120.36395,60,,北向南
22.772102,120.3888,50,,西向東
22.77223,120.39946,50,,西向東
22.89416,120.40055,50,,東向西
22.887613,120.42328,50,,西向東
22.84498,120.32285,50,,南向北
22.880974,120.26041,50,,西向東
22.829601,120.26319,50,,西向
22.847017,120.27446,50,,南向北
22.831896,120.28646,50,,南向北
22.876429,120.22501,60,,南向北
22.882696,120.200676,40,,西向東
22.818577,120.24047,60,,南北向
22.779778,120.252304,70,,北向南
22.805735,120.460945,70,,南北向
22.836103,120.462395,50,,北向南
22.883623,120.4732,50,,西向東
22.892141,120.483376,50,,北向南
22.91339,120.4934,60,,北向南
22.845268,120.50472,70,,南北雙向
22.943382,120.50848,60,,南向北
22.912996,120.53655,50,tunnel,南向北
22.870377,120.5492,50,,北向南
22.88204,120.549644,50,,東向西
22.878002,120.57057,60,,東向西
22.881773,120.616135,50,,東向西
22.88964,120.62428,50,,北向南
22.897558,120.62668,60,,西向東
22.93752,120.52882,50,,北向南
22.96999,120.54155,60,,南向北
22.924803,120.421616,50,,東西雙向(區間測速)
22.9106,120.46642,60,,北向南
22.975607,120.46869,60,,南北雙向(區間測速)
24.981302,121.428314,50,,東南向西北
24.979713,121.42892,50,,西南向東北
24.997871,121.440865,40,,南向北
25.005367,121.44137,50,,北向南
25.020021,121.446014,80,,西北向東南
25.025661,121.4514,50,,東北向西南
25.00651,121.451836,70,,南向北
25.02822,121.46512,60,,北向南
25.036417,121.47103,50,,西向東
25.035913,121.478935,50,,東向西
25.0294,121.48293,50,,南向北
25.025955,121.48416,80,,南向北
25.040998,121.46705,50,,東北向西南
25.059704,121.48048,50,,西北向東南
25.047054,121.48569,70,,東向西
25.059223,121.48877,50,elevated,東南向西北
25.058706,121.48974,50,,東北向西南
25.05026,121.49154,70,,東北向西南
25.088356,121.494255,50,,東南向西北
25.085075,121.49733,50,,西北向東南
25.082373,121.499084,50,,東南向西北
25.056368,121.499146,50,,西南向東北
25.056679,121.49928,50,,東北向西南
25.06275,121.50368,50,,北向南
25.018978,121.47077,70,,東向(區間測速)
25.010178,121.48016,50,,西北向東南
25.009008,121.48208,70,,東南向西北
25.011087,121.48889,50,,西北向東南
24.994034,121.49126,70,,東西雙向(區間測速)
25.013285,121.50474,50,elevated,東北向西南
25.013403,121.52218,50,,西北向東南
25.043957,121.39826,40,,東向(區間測速)
25.025896,121.41754,50,,南向北
25.02877,121.42217,50,,西向東
25.050745,121.44222,80,,南向北
25.043478,121.44227,50,under,南向北
25.050781,121.44234,80,,北向南
25.051252,121.442406,50,,南向北
24.999134,121.451256,80,,北向(區間測速)
25.042727,121.45999,50,,南向北
25.05175,121.46002,40,,南向北
25.03921,121.4609,50,,東北向西南
25.040173,121.46555,50,,西南向東北
24.98002,121.52311,60,,南向北
24.975636,121.525024,60,,西北向東南
24.978975,121.52794,50,,西北向東南
24.97182,121.529236,60,,東西雙向(區間測速)
24.95511,121.53945,50,,東南向西北
24.984812,121.54082,50,,北向南
24.95302,121.544846,50,,西向東
24.948414,121.546074,40,,北向南
24.96975,121.54622,50,,東北向西南
24.922884,121.54944,50,,北向南
24.953354,121.55331,50,,西向東
24.953762,121.56291,50,,東向西
24.967121,121.38427,50,elevated,西南向東北
24.968607,121.39196,50,,東向西
25.014334,121.39537,50,,西南向東北
24.97773,121.40463,50,,西南向東北
24.969753,121.408424,50,,西向東
24.984459,121.4128,50,,西南向東北
24.97285,121.41917,50,,西南向東北
24.999968,121.426765,40,,東南向西北
24.939499,121.33557,40,,東北向西南
24.929586,121.33779,40,,西向東
24.963926,121.33839,50,,北向南
24.949121,121.34403,50,,西南向東北
24.95701,121.34703,50,,東向西
24.95702,121.36128,50,,西向東
24.958023,121.37136,50,,西南向東北
24.897879,121.3376,50,,東北向西南
24.860182,121.36074,40,,東北向西南
24.912418,121.365906,50,,北向南
24.920135,121.3694,50,,東向西
24.895567,121.37138,40,,東南向西北
24.92668,121.37187,50,,南向北
24.90294,121.373344,40,,西北向東南
24.87059,121.375145,40,,東北向西南
24.870596,121.37518,40,,南北雙向(區間測速)
24.948078,121.37678,50,,南向北
24.943188,121.40115,50,,西南向東北
24.932316,121.407265,30,,東南向西北
24.932032,121.45453,40,,東北向西南
25.173384,121.43577,50,,東向西
25.193409,121.44629,70,,北向南
25.192116,121.44678,70,,南向北
25.182007,121.45079,60,,西北向東南
25.224241,121.4519,50,,北向南
25.154762,121.459366,50,,北向南
25.153019,121.45938,50,,南向北
25.061493,121.65141,50,,西向東
25.066809,121.6646,50,,東向西
25.065905,121.67544,50,,東北向西南
25.068539,121.68131,50,,西向東
25.10357,121.77507,50,,南向北
25.115046,121.77535,60,,北向南
25.11254,121.7971,40,ramp,西向東
25.117172,121.80307,80,,東北向西南
25.117487,121.804016,80,,西南向東北
25.120869,121.82302,60,,東西雙向(區間測速)
25.122597,121.86355,60,,西北向東南
25.123339,121.8755,60,,東西雙向(區間測速)
25.121658,121.88659,50,,西北向東南
24.96446,121.41541,50,,西南向東北
24.964876,121.41625,50,,東北向西南
24.962936,121.42565,50,,東北向西南
24.972385,121.43178,50,,西南向東北
24.965427,121.43192,50,,西向東
24.980164,121.438095,60,,北向南
24.980099,121.438286,60,,南向北
24.983473,121.43936,50,,北向南
24.971012,121.44263,50,,東北向西南
25.089067,121.45585,50,,南向北
25.085932,121.44304,50,,西南向東北
25.086546,121.44341,50,,東北向西南
25.090464,121.446495,50,,西南向東北
25.092154,121.44844,80,,北向南
25.099508,121.45219,80,,西南向東北
25.08391,121.4526,50,,北向南
25.109812,121.45561,50,,北向南
25.065548,121.38972,40,,西向東
25.056648,121.40175,50,,西向東
25.055,121.42733,40,,西向東
25.037588,121.42746,60,,東北向西南
25.132078,121.3567,80,,東北向西南
25.07137,121.35855,50,,西南向東北
25.13318,121.35972,80,,西南向東北
25.075266,121.363235,50,,西南向東北
25.07129,121.3634,50,,西南向東北
25.135008,121.36495,50,,西向東
25.07316,121.37033,50,,西南向東北
25.072582,121.37527,60,,西南向東北
25.07782,121.37548,50,,東北向西南
25.073011,121.375786,60,,東北向西南
25.083605,121.37815,50,,東南向西北
25.076376,121.38603,50,,西南向東北
24.999569,121.60344,60,,西北向東南
24.99896,121.61671,60,,東向西
25.00007,121.621445,60,,西向東
25.016525,121.62563,40,,西北向東南
25.002403,121.62762,60,,西南向東北
25.006111,121.63132,60,,北向南
24.960901,121.61378,40,,西南向東北
24.95693,121.623634,40,,東西雙向(區間測速)
24.953558,121.63839,40,,東南向西北
24.950348,121.64774,40,,西北向東南
25.008032,121.67277,40,,南向北
24.971546,121.68707,40,,南向北
25.009697,121.68765,40,,北向南
25.01726,121.698616,40,,北向南
24.943071,121.6709,40,,東西雙向(區間測速)
24.936045,121.70352,40,,東西雙向(區間測速)
24.935577,121.70447,40,,西北向東南
24.932625,121.70954,40,,東北向西南
24.910906,121.716805,40,,西向東
25.282158,121.51969,60,,西南向東北
25.290787,121.56098,50,,西向東
25.293732,121.56824,50,,北向南
25.14027,121.38151,50,,西南向東北
25.12536,121.39088,40,,南向北
25.15087,121.40706,50,,西南向東北
25.111614,121.422195,80,,西向(區間測速)
25.15862,121.42318,50,,西南向東北
25.15932,121.42531,50,,東向西
25.158133,121.43468,50,,東向西
25.15291,121.44082,50,,東南向西北
25.14733,121.44565,50,,東南向西北
25.13215,121.45148,50,,北向南
25.050632,121.77506,50,,東南向西北
25.050533,121.77511,50,,西北向東南
25.02179,121.78804,50,tunnel,東南向西北
25.019226,121.79365,50,,西北向東南
25.021004,121.81242,60,,西向東
25.028564,121.83002,60,,西南向東北
25.017378,121.90794,50,,北向南
25.112902,121.912,50,,東西雙向(區間測速)
25.07958,121.91447,60,,北向南
25.039959,121.9267,60,,南向北
25.017994,121.9491,50,,東向西
25.0229,121.980156,50,,西北向東南
25.0158,121.98824,60,,東西雙向(區間測速)
25.219725,121.62361,50,,西向東
25.271378,121.62362,70,,西北向東南
25.241701,121.63341,60,,北向南
25.21232,121.646545,50,,西北向東南
25.208885,121.65279,50,,東向西
25.200483,121.67773,50,tunnel,東向西
25.191902,121.68396,50,tunnel,東北向西南
25.183182,121.687614,60,,西北向東南
24.14563,120.68389,50,,北往南
24.134548,120.69571,50,,雙向
24.149633,120.69949,50,,南向北
24.137129,120.69985,50,,北往南
24.144615,120.70103,50,,北往南
24.14412,120.712036,50,,南往北
24.111053,120.6484,60,,東向西
24.110003,120.660736,60,,北向南
24.11858,120.66175,50,,南往北
24.12225,120.66404,50,,東西雙向
24.119066,120.68229,50,,東西雙向
24.14296,120.65723,50,,西往東
24.13757,120.657326,50,,雙向
24.142597,120.65735,50,,南往北
24.128283,120.66449,50,,東西雙向
24.131802,120.67267,50,,北南雙向
24.15549,120.66273,50,,東往西
24.16649,120.673485,50,,南往北
24.16392,120.68831,50,,北往南
24.156155,120.69441,50,,北往南
24.152458,120.69855,50,,北向南
24.17162,120.70083,60,,東往西
24.196201,120.59475,50,,北向南
24.1819,120.5978,50,,西向東
24.182938,120.60272,40,,西向東
24.18653,120.60414,50,,南向北
24.203812,120.60799,50,,雙向
24.170338,120.61027,40,,西往東
24.203625,120.61086,60,,南往北
24.209778,120.61238,60,,南往北
24.1901,120.6128,50,,西向東
24.186693,120.61284,50,,西向東
24.18044,120.61391,50,,西往東
24.165049,120.618515,50,,北往南
24.171976,120.62116,50,,南向北
24.207615,120.62186,60,,雙向
24.20721,120.622116,60,,西往東
24.167393,120.63082,60,,南向北
24.17032,120.6324,50,,西往東
24.158367,120.63997,60,,西向東
24.19317,120.64267,60,,南向北
24.191656,120.64392,50,,東向西
24.194983,120.644775,80,,東向西
24.197182,120.650085,80,,西向東
24.16113,120.587234,60,,東往西
24.151878,120.60441,60,,西向東
24.138643,120.60922,50,,西向東
24.154503,120.611015,50,,東西雙向
24.129442,120.619804,80,,南北雙向
24.147081,120.62328,60,,南北雙向
24.145042,120.62725,50,,西向東
24.140207,120.628395,50,,東往西
24.12745,120.62967,60,,北向南
24.146921,120.630356,50,,東西雙向
24.138615,120.630974,50,,西向東
24.14771,120.63971,50,,北往南
24.13952,120.64006,50,,東往西
24.126032,120.64623,50,,北往南
24.140085,120.64734,50,,東往西
24.181917,120.674286,50,,西向東
24.183264,120.68622,50,,南往北
24.203175,120.6867,60,,南北雙向
24.171839,120.68926,50,,東往西
24.176659,120.71065,50,,北向南
24.163551,120.71781,60,,西向東
24.188057,120.71834,50,,北向南
24.180975,120.72484,50,,東向西
24.161688,120.725,60,,西向東
24.167746,120.73345,50,,南向北
24.176296,120.73518,50,,北向南
24.176615,120.73828,50,,東向西
24.196503,120.74759,50,,西往東
24.197582,120.748215,60,,北往南
24.198912,120.76548,50,,東向西
24.238495,120.70353,50,,西往東
24.24755,120.706635,60,,南北雙向
24.237238,120.71054,60,,北往南
24.277452,120.71295,50,,西向東
24.275217,120.72201,50,,南往北
24.25743,120.72477,50,,東往西
24.264332,120.72574,60,,東向西
24.245043,120.73099,60,,南往北
24.24755,120.7364,60,,東向西
24.268444,120.74963,50,,北往南
24.291922,120.79997,60,,北向南
24.246574,120.83205,60,,西往東
24.222034,120.83718,60,,東向西
24.32607,120.608826,70,,南向北
24.365833,120.64162,70,,北往南
24.21861,120.52289,90,,南北雙向(區間測速)
24.30896,120.52357,70,,南往北
24.301151,120.54493,50,,南向北
24.294132,120.55248,70,,西往東
24.320395,120.56591,60,,北向南
24.303308,120.58682,70,,東向西
24.291664,120.58764,70,,北向南
24.210121,120.559746,60,,東向西
24.23361,120.56641,60,,北往南
24.232698,120.57241,60,,東向西
24.253681,120.57488,60,,西向東
24.25025,120.58471,60,,東向西
24.24623,120.60923,70,,東向西
24.240393,120.61459,50,,北往南
24.242786,120.619026,70,,東往西
24.250887,120.422226,60,,南往北
24.252245,120.52082,60,,南向北
24.255108,120.52259,50,,東向西
24.257414,120.52318,60,,北向南
24.224024,120.544044,70,,北往南
24.236662,120.548325,70,,北向南
24.319153,120.710976,60,,西往東
24.32162,120.721985,50,,雙向
24.29135,120.723434,60,,北向南
24.33512,120.7308,60,,北向南
24.3199,120.7323,50,,雙向
24.2915,120.7324,50,,雙向
24.240812,120.675,60,,東西雙向
24.22982,120.69065,60,,南北雙向
24.198017,120.70297,60,,北向南
24.20075,120.70975,80,,東向西
24.200447,120.70982,80,,西向東
24.209267,120.72174,50,,北向南
24.210611,120.72229,50,,南向北
24.220121,120.615295,50,,北往南
24.218575,120.621956,60,,南往北
24.216934,120.623314,60,,南往北
24.205421,120.63207,60,,東向西
24.232218,120.63916,70,,北往南
24.22963,120.64325,50,,南往北
24.221212,120.65354,50,,北往南
24.23644,120.66809,60,,北往南
24.215734,120.67085,50,,東向西
24.27415,120.77903,70,,北向南
24.275433,120.78272,70,,北向南
24.33259,120.65483,60,,東往西
24.339993,120.571175,40,,北往南
24.0466,120.38841,60,,南北雙向
24.11332,120.587204,40,,東往西
24.11225,120.59575,70,,西向東
24.09453,120.637,60,,東西雙向
24.095722,120.64157,50,,東往西
24.222109,120.47343,50,,北向南
24.208727,120.48009,50,,東西雙向
24.220963,120.497734,50,,南向北
24.198784,120.51382,60,,北往南
24.208696,120.53984,70,,南向北
24.178783,120.54362,70,,南向北
24.18763,120.57346,50,,東往西(區間測速)
24.176645,120.57916,60,,東向西
24.192793,120.57993,70,,東向西
24.186035,120.586006,60,,西往東
24.02899,120.41613,70,,南向北
24.087242,120.65812,60,,東向西
24.085323,120.65899,60,,東往西
24.037436,120.68192,70,,北向南
24.036856,120.68279,70,,南向北
24.05517,120.69852,60,,北往南
24.075089,120.69999,50,,南往北
24.136902,120.70988,80,,北向南
24.1413,120.71361,50,,南往北
24.149885,120.71485,80,,南向北
24.154285,120.71678,50,,北向南
24.15363,120.72522,50,,南北雙向
24.12292,120.73434,40,,南北雙向
24.131016,120.74129,50,,西往東
24.107172,120.78538,40,,西往東
24.09579,120.80873,30,,西往東
24.0522,120.40692,60,,東向西
24.0669,120.40746,50,,北向南
24.05835,120.41064,50,,南向北
24.089636,120.66426,70,,北向南
24.09063,120.66457,70,,南向北
24.103065,120.67519,60,,西往東
24.100637,120.69191,80,,南往北
24.10492,120.69316,60,,北往南
24.087082,120.69613,50,,北往南
23.319435,120.300354,50,,東向
23.308907,120.32573,50,,北向
23.31758,120.33309,70,,多向
23.309875,120.3359,50,,雙向
23.263838,120.20978,70,,雙向
23.276768,120.22941,50,,雙向
23.29279,120.241684,50,,北向
23.350496,120.452156,60,,雙向
23.282194,120.2939,60,,雙向
23.27626,120.32532,70,,雙向
23.33096,120.35345,50,,雙向
23.374134,120.36489,70,,雙向
23.388468,120.37534,70,,北向
23.310371,120.400185,50,,雙向
23.176996,120.21999,60,,西向
23.151213,120.238106,50,,雙向
23.184969,120.24107,50,,雙向
23.189913,120.25361,60,,雙向
23.176693,120.25403,50,,北向
23.211996,120.251076,100,,雙向
23.253683,120.31245,70,,南向
23.24004,120.31561,70,,北向
23.214054,120.30732,50,,北向
23.142551,120.42545,90,tunnel,雙向
23.172243,120.16259,50,,雙向
23.211151,120.18567,50,,南向
23.231804,120.21778,100,,雙向
23.142836,120.19251,70,,北向
23.119587,120.08741,100,,北向
23.189188,120.124985,70,,北向
23.104435,120.131676,70,,南向
23.175344,120.133705,60,,雙向
23.159895,120.13461,70,,南向
23.294575,120.12972,90,,南向
23.055922,120.29865,70,,雙向
23.038275,120.32138,50,,雙向
23.061539,120.33201,60,,南向
23.121284,120.272125,60,,東西向
23.109247,120.27259,50,,南北向
23.117811,120.273506,60,,南北向
23.117603,120.273605,60,,東西向
23.114704,120.27492,60,,南向
23.110853,120.27672,60,,北向南
23.119776,120.27739,50,,西向
23.112717,120.28151,50,,西向
23.090631,120.282555,50,,東西向
23.154694,120.285706,70,,雙向
23.104445,120.28986,60,,東向西
23.150946,120.33444,70,,雙向
23.093756,120.26776,50,,西向
23.077768,120.27488,25,,雙向
23.082232,120.278786,60,,雙向
23.102247,120.28029,60,,東西向
23.102236,120.2803,60,,東西向
23.098495,120.28104,60,,東西向
23.090643,120.28252,60,,北向
23.090633,120.282524,40,,東西向
23.088713,120.28282,60,elevated,北向
23.103241,120.284904,60,,東西向
23.101562,120.2877,40,,南向
23.099846,120.29493,70,,雙向
23.09386,120.310776,70,,雙向
23.084492,120.210495,50,,北向
23.094667,120.22924,50,,東向
23.079973,120.22951,50,,雙向
23.12476,120.45011,70,,雙向
23.122286,120.45354,70,,西向
23.155445,120.48853,70,,北向
23.013083,120.47022,60,,雙向
23.049162,120.48517,60,,雙向
23.086584,120.486984,60,,雙向
23.084084,120.52433,50,,雙向
23.067501,120.38012,60,,雙向
23.050117,120.42086,50,,雙向
22.927332,120.21165,90,,西向
22.949238,120.21669,50,,雙向
22.931923,120.22093,70,ramp,南向
22.939863,120.2212,70,,雙向
22.920004,120.225494,50,,北向
22.942245,120.230774,50,,雙向
22.972763,120.24821,50,,雙向
22.94757,120.27526,70,,北向
23.011648,120.28728,70,,南向
22.965597,120.303055,50,,西向
22.988716,120.30967,60,,雙向
22.97128,120.31324,70,,雙向
22.96794,120.35717,50,,西向
22.950447,120.38326,50,,雙向(區間測速)
22.929552,120.42066,50,,北向
22.932732,120.42081,50,,雙向
22.936176,120.42198,50,,雙向
23.038078,120.22557,40,,雙向
23.008518,120.23383,50,,南向
22.998642,120.24956,50,,南向
23.015137,120.25057,50,,北向
23.027317,120.26064,50,,北向
22.980795,120.212296,50,,西向
22.973982,120.21565,50,,雙向
22.99815,120.22442,50,,南向
22.9808,120.229164,60,,北向
22.99264,120.23394,60,,南向
22.994543,120.23424,60,,北向
22.962046,120.23616,40,,南向
22.958733,120.169586,50,,雙向
22.947441,120.1741,60,,北向
22.937895,120.176,50,,南向
22.930405,120.17664,70,,雙向
22.964375,120.17872,60,,雙向
22.9588,120.183876,60,,北向
22.967249,120.18389,60,,北向
22.923483,120.18476,50,,南向
22.961212,120.189156,50,,東向
22.98797,120.192085,50,,北向
22.96194,120.19253,60,,西向
22.945978,120.19549,60,,雙向
22.964825,120.20016,60,,雙向
22.9689,120.209946,50,,南向
22.941513,120.21746,50,,南向
23.019335,120.19698,60,,雙向
23.012684,120.200386,50,,南向
23.013504,120.21203,40,,南向
23.001534,120.212944,50,,南向
23.074215,120.13506,70,,雙向
23.052057,120.142685,70,,雙向
23.078297,120.14962,50,,雙向
23.06164,120.17002,70,,雙向
23.032488,120.1784,60,,雙向
23.017673,120.17903,70,,雙向
23.04589,120.1884,60,,北向
23.052488,120.18961,60,,雙向
23.07735,120.193634,60,,北向
23.046125,120.20804,60,,雙向
23.067614,120.21477,60,,雙向
23.051445,120.22557,50,,東向
22.992489,120.14514,50,,雙向
22.996902,120.145996,50,,雙向
22.99816,120.175964,50,,雙向
22.983109,120.17719,50,,東向
22.997572,120.200134,50,,南向
24.98775,121.284065,50,,往市府方向
25.014463,121.285835,50,,往蘆竹方向
25.002138,121.28683,50,,雙向
25.020542,121.288216,50,,往寶慶路方向
25.005362,121.2906,50,,往永安路方向
25.005877,121.29077,50,,往南桃園交流道方向
24.996,121.290825,40,,雙向
25.006742,121.29746,30,,往大興西路方向
24.991867,121.3009,50,,中山路上往桃園車站方向
24.997004,121.306335,50,,三民路上往龜山
24.981688,121.30725,30,,介壽路往北
24.989588,121.31011,50,,復興路上往中壢
24.999952,121.310555,50,,雙向
25.006226,121.312164,50,,雙向
25.005,121.31246,50,,往桃園市區方向
24.990383,121.31265,50,,往北
25.000843,121.314095,50,,雙向
24.991064,121.315125,50,,復興路往市府方向
25.00729,121.32475,40,,往桃園市區方向
24.990446,121.1744,50,,往中壢
24.991371,121.193,70,,往北
24.97736,121.19523,50,,往中壢方向
25.014406,121.203674,50,,雙向
24.964502,121.21087,50,,往西
25.01212,121.21253,50,,高鐵北路上雙向
24.984825,121.2134,50,,往市區方向
24.984001,121.214294,50,,往高鐵站方向
24.991396,121.222,50,,往大園
24.959152,121.22454,50,,往桃園方向
25.002476,121.22935,50,,往中壢
24.996529,121.23196,50,,往大園
24.955116,121.234436,50,,往中原大學方向
25.008162,121.24305,50,,雙向
24.957594,121.248886,50,,往平鎮方向
24.952522,121.25115,50,,往榮民南路
24.954819,121.25116,50,,往環中東路方向
24.950453,121.26084,50,,往榮民南路方向
24.911953,121.259544,50,,雙向
24.8736,121.26314,60,,往員樹林方向
24.826963,121.266235,60,,往龍潭
24.846693,121.27307,60,,往大溪方向
24.874975,121.27842,60,,往大鶯路方向
24.908733,121.27918,50,,往八德
24.894299,121.279785,50,,往大溪方向
24.907955,121.28657,50,,往大溪方向
24.885729,121.28862,50,,往桃園方向
24.880772,121.2889,40,,往復興方向
24.918503,121.29937,40,,往大溪方向
24.89424,121.32408,50,,往大溪方向
24.893774,121.32434,50,,雙向(區間測速)
24.84832,121.33443,40,,雙向(區間測速)
24.849945,121.351234,40,,雙向
24.85182,121.35199,40,,往大溪
24.853813,121.356186,40,,台七乙線上雙向
24.940453,121.11457,70,,高鐵南路八段上雙向
24.898788,121.11795,60,,往北
24.908808,121.16648,50,,往東
24.911541,121.17447,50,,中山北路上往平鎮
25.041563,121.24468,60,,往北方向
25.034035,121.24809,50,,往大園方向
25.047396,121.25152,60,,往南
25.11272,121.25576,70,,雙向
24.989258,121.262245,50,,往桃園
25.116959,121.26347,70,,濱海路一段上雙向
25.045538,121.266235,40,,往蘆竹方向
25.039837,121.26845,50,,雙向
25.014542,121.2712,50,,往桃園
25.033958,121.28599,50,,往南崁方向
25.049377,121.29094,50,,往桃園交流道方向
25.044203,121.29424,50,,往北
25.081982,121.30809,40,,往山腳
25.064642,121.339,40,,往蘆竹方向
25.079277,121.16765,90,elevated,往北
25.079788,121.16879,90,elevated,往南方向
25.084124,121.18129,50,,西濱路二段上往觀音方向
25.04613,121.18615,50,,往大園方向
25.059599,121.21008,50,,往國道二號方向
25.105474,121.21768,50,,西濱路上雙向
25.013674,121.22769,50,,往北
25.055984,121.2277,50,,往大園方向
25.0271,121.22922,50,,往高鐵方向(快、慢車道)
25.023808,121.23075,50,,往大園方向
25.107386,121.244095,70,,往北
25.09486,121.24986,50,,往北
24.992449,121.32443,50,,往北上方向
24.993011,121.32719,50,,往南下方向
25.001873,121.35082,50,,往桃園方向
25.035666,121.35543,60,,雙向
25.021631,121.362755,50,,往體育大學方向
25.05788,121.36546,50,,雙向
25.025007,121.36954,50,,往西勢湖路方向
25.04303,121.369965,50,,往大埔
25.05708,121.37406,60,,往龜山方向
25.029663,121.37497,50,,往龜山方向
25.008944,121.37507,50,,往北
25.01177,121.37562,50,,雙向(區間測速)
25.009476,121.37637,50,,往南
25.043844,121.37707,50,,往長庚
25.043844,121.37707,50,,往大埔
25.040264,121.385414,60,,文化一路雙向
25.031464,121.39822,50,,雙向(區間測速)
25.018389,121.407135,50,,往新莊方向
24.926731,121.25918,50,,往平鎮方向
24.93422,121.26041,50,,長興路上雙向
24.977488,121.26988,50,,往桃園方向
24.977966,121.270676,50,,往中壢方向
24.985947,121.28101,50,,中華路上雙向
24.930964,121.28117,50,,長興路上往八德
24.925838,121.28121,50,,往興豐路方向
24.94829,121.283806,50,,廣興路上雙向
24.930553,121.29728,50,,往桃園
24.940912,121.2975,50,,往大溪方向
24.938059,121.3079,50,,往八德方向
24.957096,121.31319,40,,雙向
24.960634,121.318436,50,,往桃園
24.961102,121.31854,50,,往東
24.89299,121.184975,40,,往北
24.825977,121.18508,40,,往龍潭
24.85213,121.204475,60,,雙向(區間測速)
24.870478,121.204506,50,,往龍潭方向
24.852085,121.20464,60,,北上
24.865482,121.22243,50,,雙向
24.849716,121.22926,50,,往市區
24.826025,121.238655,60,,往大溪
24.837442,121.24607,60,,往石門水庫
24.825394,121.24745,60,,往大溪方向
24.880243,121.248314,50,,往大溪方向
24.958342,121.18032,50,,往新屋
24.903605,121.19139,50,,往埔心方向
24.898373,121.193665,50,,往埔心方向
24.920986,121.19631,50,,往中豐路方向
24.93786,121.20095,50,,往楊梅
24.929602,121.2054,50,,往北
24.907726,121.211655,50,,中豐路莊敬段雙向
24.893105,121.21205,50,,往龍潭
24.926458,121.213036,50,,南往北
24.927835,121.213356,50,,快速路三段雙向
24.928421,121.213455,50,,往龍潭方向
24.950792,121.21827,50,,雙向
24.906776,121.23086,50,,快速路一段雙向
24.91479,121.23118,50,,往環南路方向
24.90953,121.2313,50,,往台66快速道路方向
24.903872,121.23328,50,,往大溪方向
24.955013,121.01196,70,,往北方向
24.96468,121.01534,70,,文化路上雙向
24.987894,121.02092,50,,西濱路上往新豐方向
25.013884,121.03625,50,,往南
24.987537,121.04484,50,,往永安漁港方向
24.972265,121.12517,50,,往中壢方向
24.955482,121.148994,50,,往北方向
25.035498,121.060905,90,elevated,雙向(區間測速)
25.044872,121.07834,90,,往南方向
25.015636,121.07962,80,,東向
25.02534,121.08704,70,,台15線南北雙向
25.027187,121.08957,70,,濱海路(台15線)雙向
25.024027,121.11509,60,,往觀音方向
25.053802,121.15602,50,,雙向
25.01923,121.169106,50,,雙向
24.800322,121.30795,30,,雙向
24.79799,121.32926,30,,羅馬公路上雙向
24.813555,121.35365,40,,雙向
24.79405,121.36436,40,,往大溪方向
23.16412,120.2315,110,,往南
23.137453,120.23468,110,,往北
23.20419,120.23653,110,,往南
23.20487,120.23672,110,,往北
23.026245,120.2493,110,,往南
23.011911,120.249374,110,,往北
23.082615,120.25174,110,,往南
22.918657,120.26014,110,,往北
23.27464,120.26733,110,,往南
22.896294,120.27043,110,,往北
23.278519,120.27128,110,,往北
22.867977,120.28468,110,,往南
23.334305,120.30684,110,,往南
22.585747,120.328354,60,,往南
22.677532,120.328735,110,,往南
22.586142,120.32915,60,,往北
22.759113,120.3321,110,,往北
22.7585,120.33219,110,,往南
23.397736,120.35525,110,,往南
23.38762,120.35529,110,,往北
24.124218,120.401024,110,,往北
23.51677,120.40404,110,,往北
23.527653,120.405815,110,,往南
23.581106,120.42849,110,,往北
23.597475,120.43435,110,,往南
23.641596,120.44377,110,,往南
23.643087,120.444305,110,,往北
23.75602,120.4677,110,,往北
23.712355,120.47608,110,,往南
23.842691,120.48407,110,,往南
23.830542,120.485054,110,,往北
24.053078,120.52377,110,,往南
24.116049,120.5921,110,,往北
24.113134,120.59749,110,,往南
24.214231,120.673164,110,,往南
24.228313,120.68516,110,,往南
24.273296,120.693085,110,,往南
24.33757,120.72009,110,,往北
24.37083,120.74645,100,,往南
24.462055,120.78804,100,,往北
24.511133,120.80868,100,,往北
24.551512,120.839355,100,,往南
24.564814,120.84625,100,,往北
24.570803,120.85275,100,,往南
24.592031,120.86044,100,,往南
24.725124,120.9376,100,,往南
24.726902,120.94732,100,,往北
24.736074,120.96852,100,,往南
24.859917,121.01066,100,,往南
24.876558,121.04609,100,,往北
24.876383,121.048615,100,,往南
24.875992,121.055756,100,,往北
24.88472,121.08215,100,,往南
24.55043,121.10031,100,,往南
24.55137,121.10067,100,,往北
25.01288,121.16468,100,,往南
24.941029,121.19353,100,elevated,往北
24.945833,121.19477,100,,往北
24.970358,121.21667,100,,往南
25.03426,121.24545,100,,往南
25.04396,121.30055,100,,往南
25.060703,121.332634,100,elevated,往南
25.065002,121.38388,100,elevated,往北
25.055336,121.402565,100,,往北
25.066257,121.42388,50,,往北
25.067223,121.42437,50,,往南
25.075937,121.466354,100,,往南
25.075502,121.47129,100,elevated,往南
25.042383,121.53301,110,,往南
25.07305,121.536865,100,,往南
25.064278,121.60144,100,elevated,往南
25.063948,121.60169,100,elevated,往北
25.065916,121.61644,100,,往北
25.066725,121.62495,100,,往南
25.085808,121.68071,100,,往北
25.106857,121.72474,100,,往南
25.107763,121.72534,100,,往北
25.049833,121.21719,100,,往西
25.046331,121.21863,100,,往東
25.028276,121.2518,100,,往西
24.99567,121.282974,100,,往東
24.959269,121.32486,100,,往東
23.33292,120.30184,110,,往北
23.107119,120.3275,110,,往南
23.083382,120.329216,110,,往北
22.97058,120.33847,110,,往南
23.201338,120.35549,110,,往北
22.862396,120.36923,110,,往南
22.84931,120.38294,110,,往北
23.59276,120.39066,110,,往南
23.298801,120.407295,110,,往北
22.820845,120.41966,110,,往南
23.330832,120.43159,110,,往南
22.769218,120.44159,110,,往南
22.758017,120.47148,110,,往北
23.570353,120.50546,110,,往南
22.508148,120.52481,110,,往南
22.507158,120.524925,110,,往北
24.17851,120.54876,110,,往北
24.10567,120.55382,60,ramp,往南北
24.190897,120.56188,110,,往南
24.229563,120.59093,110,,往南
24.236176,120.59371,110,,往北
23.692923,120.5988,110,,往北
24.293697,120.60209,110,,往北
23.718771,120.603455,110,,往南
24.330593,120.62855,110,,往南
23.774883,120.628716,110,,往南
24.071049,120.63864,110,,往北
23.999996,120.65042,110,,往北
24.350279,120.658714,110,,往南
24.350206,120.65884,110,,往北
24.453047,120.67839,110,,往南
23.777445,120.68793,110,,往北
23.869972,120.705086,110,,往北
24.507294,120.71315,110,,往南
24.591295,120.779076,110,,往北
24.648779,120.83118,40,ramp,往北
24.691969,120.85332,110,,往南
24.695911,120.85748,110,,往北
24.714918,120.89375,110,,往南
24.746012,120.92539,110,,往南
24.76711,121.081474,110,,往南
24.791256,121.126015,110,,往北
24.807201,121.149864,110,,往南
24.857557,121.21052,110,,往北
24.881098,121.25546,110,,往南
24.924303,121.304276,110,,往北
24.975258,121.45628,100,,往南
24.977514,121.465515,100,,往北
24.958471,121.539185,90,,往北
24.976427,121.574295,90,,往南
25.046879,121.62579,90,,往北
25.110235,121.68526,90,,往南
24.302769,120.63327,100,,往西
24.220844,120.725266,100,,往東
24.230286,120.73259,100,,往西
24.994558,121.65255,80,,往北
24.949272,121.70153,80,,往南
24.925926,121.72434,90,tunnel,往南
24.92628,121.72481,90,tunnel,往北
24.916126,121.73286,90,tunnel,往南
24.91648,121.733315,90,tunnel,往北
24.907925,121.74336,90,tunnel,往南
24.908276,121.74382,90,tunnel,往北
24.899525,121.75373,90,tunnel,往南
24.89985,121.75418,90,tunnel,往北
24.88923,121.761765,90,tunnel,往南
24.889566,121.762215,90,tunnel,往北
24.87876,121.76942,90,tunnel,往南
24.879107,121.769875,90,tunnel,往北
24.869598,121.77889,90,tunnel,往南
24.869923,121.779335,90,tunnel,往北
24.791565,121.78095,90,,往北
24.860128,121.788055,90,tunnel,往南
24.860365,121.78834,90,tunnel,往北
24.63743,121.80556,90,,往南
23.985535,120.778725,100,,往東
23.996187,120.80137,100,,往西
23.9811,120.89099,100,,往西
23.982555,120.98814,100,,往東
23.080551,120.19544,80,,往東西向
23.082523,120.231125,100,,往東
22.760332,120.3869,100,,往東
22.770908,120.40675,100,,往西
22.795727,120.43798,100,,往東
22.825377,120.488106,100,,往西
25.005106,121.57856,80,,往西
25.15298,121.73204,50,,往北
